FireplaceQu,GarageQual,SalePrice
NaN,TA,208500
TA,TA,181500
TA,TA,223500
Gd,TA,140000
TA,TA,250000
NaN,TA,143000
Gd,NaN,307000
TA,TA,200000
Ex,TA,129900
NaN,NaN,118000
Gd,Gd,345000
TA,TA,157000
Fa,TA,180000
NaN,TA,175000
TA,Gd,190000
Gd,TA,210000
TA,NaN,165000
NaN,TA,235000
Ex,Ex,320000
TA,TA,145000
Gd,Gd,275000
NaN,TA,155000
TA,TA,189000
Fa,NaN,135000
Gd,TA,225000
TA,Gd,198000
NaN,TA,172000
Ex,TA,310000
TA,NaN,160000
Gd,Gd,285000
NaN,TA,149000
TA,TA,205000
Fa,TA,132000
Gd,NaN,240000
TA,Gd,195000
NaN,TA,155000
Ex,Ex,330000
TA,TA,175000
Gd,Gd,260000
NaN,NaN,142000