Student_ID,CGPA,Internships,Aptitude_Score,Experience_Months,Placement_Package_LPA,Placed
S001,6.74,3,87,0,12.75,Yes
S002,7.79,2,87,12,4.59,Yes
S003,7.15,3,85,0,15.07,No
S004,6.22,2,37,2,19.35,Yes
S005,7.89,1,66,12,18.38,No
S006,7.0,0,66,2,27.63,Yes
S007,8.98,3,77,2,10.59,Yes
S008,4.5,1,73,6,28.5,Yes
S009,8.15,2,66,0,12.0,No
S010,6.6,0,36,2,9.05,Yes
S011,6.27,1,94,6,31.67,Yes
S012,7.5,0,48,0,19.42,Yes
S013,9.54,2,55,3,4.67,Yes
S014,6.07,2,81,0,10.45,Yes
S015,7.95,0,50,0,14.47,No
S016,8.06,2,59,0,4.76,No
S017,7.58,2,39,2,21.0,No
S018,6.57,0,55,0,8.9,Yes
S019,6.91,2,55,12,6.61,Yes
S020,8.98,3,68,3,9.91,No
S021,6.97,0,77,0,6.97,Yes
S022,7.34,2,37,3,18.32,No
S023,7.59,0,92,6,35.0,Yes
S024,7.89,2,65,6,9.01,Yes
S025,8.52,0,45,0,7.58,No
S026,8.56,1,78,6,11.9,Yes
S027,6.88,1,62,3,6.24,No
S028,6.11,1,38,0,12.06,No
S029,7.55,3,95,2,7.77,No
S030,5.9,0,67,1,13.21,Yes
S031,6.2,1,83,6,17.86,Yes
S032,6.72,2,51,0,10.45,No
S033,6.11,1,37,2,11.74,Yes
S034,6.57,1,46,3,12.9,No
S035,7.62,2,50,0,17.78,Yes
S036,7.62,3,57,2,16.96,Yes
S037,7.53,2,58,6,14.67,No
S038,6.53,1,64,0,13.96,Yes
S039,8.22,1,84,6,6.38,Yes
S040,7.87,1,76,0,4.2,No
S041,5.32,2,56,1,6.41,Yes
S042,6.88,2,61,3,55.64,Yes
S043,7.97,0,54,2,11.87,Yes
S044,6.83,1,85,0,8.0,No
S045,8.01,2,74,12,14.6,Yes
S046,7.13,1,92,0,11.71,No
S047,9.25,1,58,6,15.17,Yes
S048,6.95,2,48,3,15.65,Yes
S049,6.38,1,85,12,7.2,Yes
S050,7.17,0,50,0,7.66,Yes
S051,6.53,2,88,2,19.11,Yes
S052,6.83,2,49,0,42.0,Yes
S053,6.57,3,90,2,12.56,No
S054,6.2,2,55,3,8.45,Yes
S055,8.0,2,45,0,13.73,Yes
S056,7.1,3,74,3,16.39,Yes
S057,7.28,1,84,0,8.33,No
S058,5.66,1,70,0,19.73,Yes
S059,8.25,2,84,0,7.94,Yes
S060,5.43,1,94,0,7.68,Yes
S061,6.9,1,65,1,10.0,Yes
S062,7.14,1,51,6,11.83,Yes
S063,5.64,2,56,0,7.65,Yes
S064,8.47,2,59,0,2.7,No
S065,6.54,1,97,2,7.62,Yes
S066,6.61,1,37,12,12.8,Yes
S067,7.25,3,74,1,14.35,No
S068,7.78,1,84,1,11.63,Yes
S069,7.56,0,80,0,41.23,Yes
S070,6.4,2,71,2,55.0,Yes
S071,7.22,1,78,3,7.48,Yes
S072,7.02,3,80,12,11.15,No
S073,7.9,1,45,6,13.49,Yes
S074,8.1,2,99,6,15.51,Yes
S075,7.12,0,76,6,16.2,Yes
S076,7.36,2,84,2,14.59,Yes
S077,7.91,3,56,0,8.61,Yes
S078,7.09,2,66,0,23.22,Yes
S079,7.28,2,69,2,19.95,Yes
S080,8.16,0,84,0,11.45,Yes
